{"blink_stress": [0.06908463438351953, 0.06785674889882398, 0.06771746277809143, 0.06782282392183936, 0.06818869709968567, 0.06793408592542016, 0.06819746891657508, 0.0672198931376139, 0.06717339158058167, 0.06705794731775927, 0.06724208096663153, 0.06718213359514869, 0.0677045385042826, 0.06731663147608447, 0.06742748618125916, 0.06781179706255591, 0.0673074026902517, 0.06731893618901574, 0.06749474505583453, 0.06731800238291419, 0.06729570031166077, 0.06756720940272021, 0.06736119091510773, 0.06739838421344757, 0.06769926349321997, 0.06739848852157593, 0.06739619374275208, 0.06707437833150232, 0.06740298370520281, 0.0662734409173329, 0.06493616104125977, 0.0640036712090174, 0.06416379908720649, 0.06475924948851264, 0.06475993990898132, 0.06436637043952942, 0.06536987920602161, 0.06607738633950555, 0.06648006041844684, 0.06641973555088038, 0.06580041348934174, 0.0659991204738617, 0.06758283078670502, 0.06824106474717456, 0.06794803837935126, 0.06779356797536212, 0.06807226439317066, 0.06789136926333111, 0.06743904451529187, 0.06733277936776477, 0.06763143837451929, 0.06773674984772998, 0.06703037023544312, 0.06719471514225, 0.06718143324057263, 0.06694267690181732, 0.06649859249591827, 0.06727562844753265, 0.06683337688446045, 0.06699360410372424, 0.06658144791920972, 0.06630506614844, 0.06635867059230804, 0.06655732790629065, 0.0677603383858999, 0.0698322206735611, 0.0712549090385437, 0.07223348319530487, 0.0725774963696797, 0.0724752893050512, 0.07267279922962189, 0.07314057151476538, 0.07230028510093689, 0.07241137822469079, 0.07217120627562212, 0.0720540930827458, 0.07216245929400122, 0.07198661069075263, 0.07197210192680359, 0.0715880344311397, 0.07057932019233704, 0.07039067149162292, 0.07110929985841119, 0.07047472894191742, 0.07025712728500366, 0.07016569375991821, 0.07000980277856184, 0.06950141489505768, 0.06979244947433472, 0.06999528408050537, 0.07004444797833753, 0.06986759106318152, 0.07021798690160119, 0.0697890122731527, 0.06948543588320422, 0.06889755527178443, 0.06849578022956848, 0.06870163977146149], "eyebrow_stress": [0.11486710309982295, 0.1143495619297028, 0.1173043072223664, 0.11669386625289924, 0.11736600399017338, 0.11737645268440244, 0.11755354404449458, 0.11697660088539119, 0.11649940013885496, 0.1166591286659241, 0.11722531914710999, 0.11705687642097473, 0.11724686622619629, 0.11702910661697397, 0.11666880846023564, 0.11760506629943845, 0.11694156527519217, 0.1168008089065552, 0.11672413945198057, 0.11657625436782837, 0.1164672911167145, 0.11699706315994263, 0.11699044108390799, 0.11664607524871817, 0.11685801744461055, 0.11665223240852352, 0.11671380996704095, 0.11629680991172786, 0.11677808761596681, 0.11488228440284726, 0.11544244885444643, 0.11302522420883182, 0.11179461479187008, 0.11363929510116572, 0.11302202939987183, 0.11433377265930178, 0.11663122177124019, 0.117751008272171, 0.11964189410209652, 0.11923687160015106, 0.1216215193271637, 0.12349571585655211, 0.12459870576858523, 0.126771479845047, 0.12716141045093537, 0.12767062187194828, 0.12931788265705108, 0.1308176130056381, 0.1293425589799881, 0.12946533858776094, 0.12841966152191164, 0.1283421039581299, 0.12561553120613095, 0.12568081021308902, 0.12380129098892206, 0.12413178086280824, 0.12347844839096073, 0.12163660526275638, 0.12228858470916754, 0.12235793471336365, 0.12223291397094727, 0.1216759562492371, 0.12203258872032163, 0.12252854108810424, 0.12402750849723809, 0.12628045678138733, 0.1259113311767578, 0.1268272221088409, 0.12758199572563167, 0.12736520767211917, 0.1282878696918487, 0.1280247986316681, 0.127515572309494, 0.12733116745948792, 0.12738493084907526, 0.1265181362628937, 0.12668859958648682, 0.12692760825157162, 0.1275667130947113, 0.12514799833297735, 0.12386949658393859, 0.12388539314270014, 0.12448278665542606, 0.12382696270942689, 0.12359410524368286, 0.12321063876152044, 0.12313894629478456, 0.1233694434165955, 0.12249287366867068, 0.1220550179481506, 0.12255046963691707, 0.12266822457313536, 0.12258881330490118, 0.12330884933471675, 0.12391534447669988, 0.1235876858234406, 0.12297290563583374, 0.12233045101165768], "lip_stress": [0.08912263313929236, 0.0902130504449209, 0.08929726481437683, 0.08984792232513428, 0.09010436137517297, 0.08927689989407861, 0.08954365054766333, 0.08954926331837976, 0.08922067284584045, 0.08908641338348389, 0.08944870034853614, 0.08894377946853638, 0.08938600619633985, 0.08981599410374963, 0.0897267063458761, 0.08888473113377893, 0.08935976028442383, 0.08918077747027087, 0.08927587668100989, 0.08939105272293091, 0.08939818541208899, 0.08905041217803955, 0.08860342701276136, 0.08928011854489637, 0.08933434883753455, 0.0891680121421814, 0.0892835259437561, 0.08862255016962689, 0.08878637353579205, 0.089287668466568, 0.08840741713841754, 0.09048803647359216, 0.09016670783360797, 0.0899682144323985, 0.08865109086036682, 0.08774084846178692, 0.0878767569859823, 0.08802921573321026, 0.08807980020840961, 0.08798297246297204, 0.08849215507507324, 0.08709810674190521, 0.08830537895361584, 0.08819874624411267, 0.08826803167661029, 0.08820595840613044, 0.08771022160847985, 0.08805058399836219, 0.087729811668396, 0.08775925636291504, 0.08724064628283179, 0.08777546882629395, 0.08744200070699054, 0.08693153659502662, 0.08703237771987915, 0.08650686343510944, 0.08753088116645819, 0.08801325162251789, 0.0877755383650462, 0.08797250191370648, 0.08794944485028588, 0.08728128671646118, 0.0883213877677918, 0.0881848732630412, 0.08812846740086872, 0.08829232056935626, 0.08895643552144372, 0.08894364039103192, 0.09004016717274987, 0.08981790145238239, 0.08991710344950354, 0.09037008881568914, 0.08903563022613531, 0.08958389361699426, 0.08944228291511536, 0.08918702602386475, 0.09017177422841388, 0.08907183011372888, 0.08917150894800824, 0.09063117702802026, 0.09027898311614996, 0.09066486358642578, 0.09111306071281433, 0.0907399952411651, 0.09072772661844891, 0.09157080451647442, 0.09114209810892743, 0.0903965830802918, 0.09123039245605474, 0.09216826160748798, 0.09152492880821228, 0.09123468399047857, 0.0917286177476247, 0.09148373206456506, 0.09038478136062628, 0.08985015749931341, 0.08963749806086224, 0.09060583511988324],